{"accuracy": 0.7986855759252853, "macro_avg_f1": 0.7378472913098197, "classes": {"negative": {"precision": 0.8911335578002245, "recall": 0.8734873487348734, "f1-score": 0.8822222222222222, "support": 1818.0}, "neutral": {"precision": 0.624, "recall": 0.636215334420881, "f1-score": 0.630048465266559, "support": 613.0}, "positive": {"precision": 0.6838842975206612, "recall": 0.7195652173913043, "f1-score": 0.701271186440678, "support": 460.0}, "accuracy": 0.7986855759252853, "macro avg": {"precision": 0.7330059517736286, "recall": 0.743089300182353, "f1-score": 0.7378472913098197, "support": 2891.0}, "weighted avg": {"precision": 0.8015149031270536, "recall": 0.7986855759252853, "f1-score": 0.7999600328506097, "support": 2891.0}}}